股票代码,股票名称
000006,深振业A
000014,沙河股份
000020,深华发A
000021,深科技
000063,中兴通讯
000158,常山北明
000426,兴业银锡
000558,天府文旅
000559,万向钱潮
000564,供销大集
000572,海马汽车
000592,平潭发展
000626,远大控股
000661,长春高新
000700,模塑科技
000718,苏宁环球
000737,北方铜业
000819,岳阳兴长
000826,启迪环境
000831,中国稀土
000923,河钢资源
000969,安泰科技
000977,浪潮信息
000980,众泰汽车
000981,山子高科
000988,华工科技
001202,炬申股份
001221,悍高集团
001234,泰慕士
001282,三联锻造
001296,长江材料
001309,德明利
001332,锡装股份
002017,东信和平
002021,中捷资源
002029,七匹狼
002031,巨轮智能
002040,南京港
002050,三花智控
002054,德美化工
002059,云南旅游
002065,东华软件
002067,景兴纸业
002074,国轩高科
002082,万邦德
002083,孚日股份
002084,海鸥住工
002097,山河智能
002104,恒宝股份
002115,三维通信
002126,银轮股份
002129,TCL中环
002130,沃尔核材
002131,利欧股份
002140,东华科技
002146,荣盛发展
002150,通润装备
002156,通富微电
002171,楚江新材
002176,江特电机
002181,粤传媒
002183,怡亚通
002185,华天科技
002195,岩山科技
002208,合肥城建
002210,飞马国际
002217,合力泰
002222,福晶科技
002230,科大讯飞
002241,歌尔股份
002245,蔚蓝锂芯
002249,大洋电机
002251,步步高
002256,兆新股份
002261,拓维信息
002269,美邦服饰
002276,万马股份
002295,精艺股份
002298,中电鑫龙
002320,海峡股份
002335,科华数据
002370,亚太药业
002371,北方华创
002384,东山精密
002400,省广集团
002402,和而泰
002407,多氟多
002453,华软科技
002456,欧菲光
002460,赣锋锂业
002467,二六三
002474,榕基软件
002475,立讯精密
002484,江海股份
002491,通鼎互联
002513,蓝丰生化
002516,旷达科技
002530,金财互联
002547,春兴精工
002549,凯美特气
002558,巨人网络
002560,通达股份
002600,领益智造
002617,露笑科技
002631,德尔未来
002641,公元股份
002642,荣联科技
002654,万润科技
002670,国盛金控
002674,兴业科技
002709,天赐材料
002718,友邦吊顶
002759,天际股份
002767,先锋电子
002772,众兴菌业
002785,万里石
002796,世嘉科技
002812,恩捷股份
002825,纳尔股份
002846,英联股份
002885,京泉华
002905,金逸影视
002910,庄园牧场
002925,盈趣科技
002941,新疆交建
002942,新农股份
002952,亚世光电
002968,新大正
002975,博杰股份
003036,泰坦股份
300001,特锐德
300002,神州泰岳
300003,乐普医疗
300004,南风股份
300005,探路者
300006,莱美药业
300007,汉威科技
300008,天海防务
300009,安科生物
300010,豆神教育
300011,鼎汉技术
300012,华测检测
300013,新宁物流
300014,亿纬锂能
300015,爱尔眼科
300016,北陆药业
300017,网宿科技
300018,中元股份
300019,硅宝科技
300020,ST银江
300021,大禹节水
300022,吉峰科技
300024,机器人
300025,华星创业
300026,红日药业
300027,华谊兄弟
300029,*ST天龙
300030,阳普医疗
300031,宝通科技
300032,金龙机电
300033,同花顺
300034,钢研高纳
300035,中科电气
300036,超图软件
300037,新宙邦
300039,上海凯宝
300040,九洲集团
300041,回天新材
300042,朗科科技
300043,星辉娱乐
300044,ST赛为
300045,华力创通
300046,台基股份
300047,天源迪科
300048,合康新能
300049,福瑞股份
300050,世纪鼎利
300051,琏升科技
300052,ST中青宝
300053,航宇微
300054,鼎龙股份
300055,万邦达
300056,中创环保
300057,万顺新材
300058,蓝色光标
300059,东方财富
300061,旗天科技
300062,中能电气
300063,天龙集团
300065,海兰信
300066,三川智慧
300067,安诺其
300068,南都电源
300069,金利华电
300070,碧水源
300071,福石控股
300072,海新能科
300073,当升科技
300074,华平股份
300075,数字政通
300076,GQY视讯
300077,国民技术
300078,思创医惠
300079,数码视讯
300080,易成新能
300081,恒信东方
300082,奥克股份
300083,创世纪
300084,海默科技
300085,银之杰
300086,康芝药业
300087,荃银高科
300088,长信科技
300091,金通灵
300092,科新机电
300093,*ST金刚
300094,国联水产
300095,华伍股份
300096,ST易联众
300097,ST智云
300098,高新兴
300099,尤洛卡
300100,双林股份
300101,振芯科技
300102,乾照光电
300103,达刚控股
300105,龙源技术
300106,西部牧业
300107,建新股份
300109,新开源
300110,华仁药业
300111,向日葵
300112,万讯自控
300113,顺网科技
300115,长盈精密
300118,东方日升
300119,瑞普生物
300120,经纬辉开
300121,阳谷华泰
300122,智飞生物
300123,亚光科技
300124,汇川技术
300125,*ST聆达
300126,锐奇股份
300127,银河磁体
300128,锦富技术
300129,泰胜风能
300130,新国都
300131,英唐智控
300132,青松股份
300133,华策影视
300134,大富科技
300135,宝利国际
300136,信维通信
300137,ST先河
300138,晨光生物
300139,晓程科技
300140,节能环境
300141,和顺电气
300142,沃森生物
300143,盈康生命
300144,宋城演艺
300145,南方泵业
300146,汤臣倍健
300147,ST香雪
300148,天舟文化
300149,睿智医药
300150,世纪瑞尔
300151,昌红科技
300152,ST新动力
300153,科泰电源
300154,瑞凌股份
300155,安居宝
300157,新锦动力
300158,振东制药
300159,*ST新研
300160,秀强股份
300161,华中数控
300162,雷曼光电
300163,先锋新材
300164,通源石油
300165,ST天瑞
300166,东方国信
300167,ST迪威迅
300168,万达信息
300169,天晟新材
300170,汉得信息
300171,东富龙
300172,中电环保
300173,福能东方
300174,元力股份
300175,ST朗源
300176,鸿特科技
300177,中海达
300179,四方达
300180,华峰超纤
300181,佐力药业
300182,捷成股份
300183,东软载波
300184,力源信息
300185,通裕重工
300187,永清环保
300188,国投智能
300189,神农种业
300190,维尔利
300191,潜能恒信
300192,科德教育
300193,佳士科技
300194,福安药业
300195,长荣股份
300196,长海股份
300197,节能铁汉
300198,ST纳川
300199,翰宇药业
300200,高盟新材
300201,海伦哲
300203,聚光科技
300204,舒泰神
300205,*ST天喻
300206,理邦仪器
300207,欣旺达
300209,有棵树
300210,森远股份
300211,*ST亿通
300212,易华录
300213,佳讯飞鸿
300214,日科化学
300215,电科院
300217,东方电热
300218,安利股份
300219,鸿利智汇
300220,金运激光
300221,银禧科技
300222,科大智能
300223,北京君正
300224,正海磁材
300225,*ST金泰
300226,上海钢联
300227,光韵达
300228,富瑞特装
300229,拓尔思
300230,永利股份
300231,银信科技
300232,洲明科技
300233,金城医药
300234,开尔新材
300235,方直科技
300236,上海新阳
300237,美晨科技
300238,冠昊生物
300239,东宝生物
300240,飞力达
300241,瑞丰光电
300242,佳云科技
300243,瑞丰高材
300244,迪安诊断
300245,天玑科技
300246,宝莱特
300247,融捷健康
300248,新开普
300249,依米康
300250,初灵信息
300251,光线传媒
300252,金信诺
300253,卫宁健康
300254,仟源医药
300255,常山药业
300256,星星科技
300257,开山股份
300258,精锻科技
300259,新天科技
300260,新莱应材
300261,雅本化学
300263,隆华科技
300264,佳创视讯
300265,通光线缆
300266,兴源环境
300267,尔康制药
300268,*ST佳沃
300269,联建光电
300270,中威电子
300271,华宇软件
300272,开能健康
300274,阳光电源
300275,梅安森
300276,三丰智能
300277,海联讯
300278,华昌达
300279,和晶科技
300280,*ST紫天
300281,金明精机
300283,温州宏丰
300284,苏交科
300285,国瓷材料
300286,安科瑞
300287,飞利信
300288,朗玛信息
300289,利德曼
300290,荣科科技
300291,百纳千成
300292,吴通控股
300293,蓝英装备
300294,博雅生物
300295,三六五网
300296,利亚德
300298,三诺生物
300299,富春股份
300300,海峡创新
300301,ST长方
300302,同有科技
300303,聚飞光电
300304,云意电气
300305,裕兴股份
300306,远方信息
300307,慈星股份
300308,中际旭创
300310,宜通世纪
300311,ST任子行
300313,*ST天山
300314,戴维医疗
300315,掌趣科技
300316,晶盛机电
300317,珈伟新能
300318,博晖创新
300319,麦捷科技
300320,海达股份
300321,同大股份
300322,硕贝德
300323,华灿光电
300324,旋极信息
300326,ST凯利
300327,中颖电子
300328,宜安科技
300329,海伦钢琴
300331,苏大维格
300332,天壕能源
300333,兆日科技
300334,津膜科技
300335,迪森股份
300337,银邦股份
300338,ST开元
300339,润和软件
300340,科恒股份
300341,麦克奥迪
300342,天银机电
300343,ST联创
300344,ST立方
300345,华民股份
300346,南大光电
300347,泰格医药
300348,长亮科技
300349,金卡智能
300350,华鹏飞
300351,永贵电器
300352,北信源
300353,东土科技
300354,东华测试
300355,蒙草生态
300357,我武生物
300358,楚天科技
300359,全通教育
300360,炬华科技
300363,博腾股份
300364,中文在线
300365,恒华科技
300366,创意信息
300368,汇金股份
300369,绿盟科技
300370,安控科技
300371,汇中股份
300373,扬杰科技
300374,中铁装配
300375,鹏翎股份
300376,ST易事特
300377,赢时胜
300378,鼎捷数智
300379,*ST东通
300380,安硕信息
300381,溢多利
300382,斯莱克
300383,光环新网
300384,三联虹普
300385,雪浪环境
300386,飞天诚信
300387,富邦科技
300388,节能国祯
300389,艾比森
300390,天华新能
300391,*ST长药
300393,中来股份
300394,天孚通信
300395,菲利华
300396,迪瑞医疗
300397,天和防务
300398,飞凯材料
300399,天利科技
300400,劲拓股份
300401,花园生物
300402,宝色股份
300403,汉宇集团
300404,博济医药
300405,科隆股份
300406,九强生物
300407,凯发电气
300408,三环集团
300409,道氏技术
300410,正业科技
300411,金盾股份
300412,迦南科技
300413,芒果超媒
300414,中光防雷
300415,伊之密
300416,苏试试验
300417,南华仪器
300418,昆仑万维
300419,ST浩丰
300420,五洋自控
300421,力星股份
300422,博世科
300423,昇辉科技
300424,航新科技
300425,中建环能
300426,华智数媒
300427,红相股份
300428,立中集团
300429,强力新材
300430,诚益通
300432,富临精工
300433,蓝思科技
300434,金石亚药
300435,中泰股份
300436,广生堂
300437,清水源
300438,鹏辉能源
300439,美康生物
300440,运达科技
300441,鲍斯股份
300442,润泽科技
300443,金雷股份
300444,双杰电气
300445,康斯特
300446,航天智造
300447,全信股份
300448,浩云科技
300449,汉邦高科
300450,先导智能
300451,创业慧康
300452,山河药辅
300453,三鑫医疗
300454,深信服
300455,航天智装
300456,赛微电子
300457,赢合科技
300458,全志科技
300459,汤姆猫
300460,惠伦晶体
300461,田中精机
300462,ST华铭
300463,迈克生物
300464,星徽股份
300465,高伟达
300466,赛摩智能
300467,迅游科技
300468,四方精创
300469,信息发展
300470,中密控股
300471,厚普股份
300472,*ST新元
300473,德尔股份
300474,景嘉微
300475,香农芯创
300476,胜宏科技
300477,ST合纵
300478,杭州高新
300479,神思电子
300480,光力科技
300481,濮阳惠成
300482,万孚生物
300483,首华燃气
300484,蓝海华腾
300485,赛升药业
300486,东杰智能
300487,蓝晓科技
300488,恒锋工具
300489,光智科技
300490,华自科技
300491,通合科技
300492,华图山鼎
300493,润欣科技
300494,盛天网络
300496,中科创达
300497,富祥药业
300498,温氏股份
300499,高澜股份
300500,启迪设计
300501,海顺新材
300502,新易盛
300503,昊志机电
300504,天邑股份
300505,川金诺
300506,ST名家汇
300507,苏奥传感
300508,维宏股份
300509,新美星
300510,金冠股份
300511,雪榕生物
300512,中亚股份
300513,恒实科技
300514,友讯达
300515,三德科技
300516,久之洋
300517,海波重科
300518,新迅达
300519,新光药业
300520,科大国创
300521,爱司凯
300522,世名科技
300523,辰安科技
300525,博思软件
300527,ST应急
300528,幸福蓝海
300529,健帆生物
300530,领湃科技
300531,优博讯
300532,今天国际
300533,冰川网络
300534,陇神戎发
300535,达威股份
300536,农尚环境
300537,广信材料
300538,同益股份
300539,横河精密
300540,蜀道装备
300541,先进数通
300542,新晨科技
300543,朗科智能
300545,联得装备
300546,雄帝科技
300547,川环科技
300548,长芯博创
300549,优德精密
300550,和仁科技
300551,古鳌科技
300552,万集科技
300553,集智股份
300554,三超新材
300555,ST路通
300556,丝路视觉
300557,理工光科
300558,贝达药业
300559,佳发教育
300560,中富通
300561,*ST汇科
300562,乐心医疗
300563,神宇股份
300564,筑博设计
300565,科信技术
300566,激智科技
300567,精测电子
300568,星源材质
300569,天能重工
300570,太辰光
300571,平治信息
300572,安车检测
300573,兴齐眼药
300575,中旗股份
300576,容大感光
300577,开润股份
300578,会畅通讯
300579,数字认证
300580,贝斯特
300581,晨曦航空
300582,英飞特
300583,赛托生物
300584,海辰药业
300585,奥联电子
300586,美联新材
300587,天铁科技
300588,熙菱信息
300589,江龙船艇
300590,移为通信
300591,万里马
300592,华凯易佰
300593,新雷能
300594,朗进科技
300595,欧普康视
300596,利安隆
300597,吉大通信
300598,诚迈科技
300599,雄塑科技
300600,国瑞科技
300601,康泰生物
300602,飞荣达
300603,立昂技术
300604,长川科技
300605,恒锋信息
300606,金太阳
300607,拓斯达
300608,思特奇
300609,汇纳科技
300610,晨化股份
300611,美力科技
300612,宣亚国际
300613,富瀚微
300614,百川畅银
300615,欣天科技
300616,尚品宅配
300617,安靠智电
300618,寒锐钴业
300619,金银河
300620,光库科技
300621,维业股份
300622,博士眼镜
300623,捷捷微电
300624,万兴科技
300625,三雄极光
300626,华瑞股份
300627,华测导航
300628,亿联网络
300629,新劲刚
300631,久吾高科
300632,光莆股份
300633,开立医疗
300634,彩讯股份
300635,中达安
300636,同和药业
300637,扬帆新材
300638,广和通
300639,凯普生物
300640,德艺文创
300641,正丹股份
300642,透景生命
300643,万通智控
300644,南京聚隆
300645,正元智慧
300647,超频三
300648,星云股份
300649,杭州园林
300650,太龙股份
300651,金陵体育
300652,雷迪克
300653,正海生物
300654,世纪天鸿
300655,晶瑞电材
300656,民德电子
300657,弘信电子
300658,延江股份
300659,中孚信息
300660,江苏雷利
300661,圣邦股份
300662,科锐国际
300663,科蓝软件
300664,鹏鹞环保
300665,飞鹿股份
300666,江丰电子
300667,必创科技
300668,杰恩设计
300669,沪宁股份
300670,大烨智能
300671,富满微
300672,国科微
300673,佩蒂股份
300674,宇信科技
300675,建科院
300676,华大基因
300677,英科医疗
300678,中科信息
300679,电连技术
300680,隆盛科技
300681,英搏尔
300682,朗新集团
300683,海特生物
300684,中石科技
300685,艾德生物
300686,智动力
300687,赛意信息
300688,创业黑马
300689,澄天伟业
300690,双一科技
300691,联合光电
300692,中环环保
300693,盛弘股份
300694,蠡湖股份
300695,兆丰股份
300696,爱乐达
300697,电工合金
300698,万马科技
300699,光威复材
300700,岱勒新材
300701,森霸传感
300702,天宇股份
300703,创源股份
300705,九典制药
300706,阿石创
300707,威唐工业
300708,聚灿光电
300709,精研科技
300710,万隆光电
300711,广哈通信
300712,永福股份
300713,英可瑞
300715,凯伦股份
300716,ST泉为
300717,华信新材
300718,长盛轴承
300719,安达维尔
300720,海川智能
300721,怡达股份
300722,新余国科
300723,一品红
300724,捷佳伟创
300725,药石科技
300726,宏达电子
300727,润禾材料
300729,乐歌股份
300730,科创信息
300731,科创新源
300732,设研院
300733,西菱动力
300735,光弘科技
300736,百邦科技
300737,科顺股份
300738,奥飞数据
300739,明阳电路
300740,水羊股份
300741,华宝股份
300743,天地数码
300745,欣锐科技
300746,汉嘉设计
300747,锐科激光
300748,金力永磁
300749,顶固集创
300750,宁德时代
300751,迈为股份
300752,隆利科技
300753,爱朋医疗
300755,华致酒行
300756,金马游乐
300757,罗博特科
300758,七彩化学
300759,康龙化成
300760,迈瑞医疗
300761,立华股份
300762,上海瀚讯
300763,锦浪科技
300765,新诺威
300766,每日互动
300767,震安科技
300768,迪普科技
300769,德方纳米
300770,新媒股份
300771,智莱科技
300772,运达股份
300773,拉卡拉
300774,倍杰特
300775,三角防务
300776,帝尔激光
300777,中简科技
300778,新城市
300779,惠城环保
300780,德恩精工
300781,因赛集团
300782,卓胜微
300783,三只松鼠
300784,利安科技
300785,值得买
300786,国林科技
300787,海能实业
300788,中信出版
300789,唐源电气
300790,宇瞳光学
300791,仙乐健康
300792,壹网壹创
300793,佳禾智能
300795,米奥会展
300796,贝斯美
300797,钢研纳克
300798,锦鸡股份
300800,力合科技
300801,泰和科技
300802,矩子科技
300803,指南针
300804,广康生化
300805,电声股份
300806,斯迪克
300807,天迈科技
300808,久量股份
300809,华辰装备
300810,中科海讯
300811,铂科新材
300812,易天股份
300813,泰林生物
300814,中富电路
300815,玉禾田
300816,艾可蓝
300817,双飞集团
300818,耐普矿机
300819,聚杰微纤
300820,英杰电气
300821,东岳硅材
300822,贝仕达克
300823,建科智能
300824,北鼎股份
300825,阿尔特
300826,测绘股份
300827,上能电气
300828,锐新科技
300829,金丹科技
300830,金现代
300831,派瑞股份
300832,新产业
300833,浩洋股份
300834,星辉环材
300835,龙磁科技
300836,佰奥智能
300837,浙矿股份
300838,浙江力诺
300839,博汇股份
300840,酷特智能
300841,康华生物
300842,帝科股份
300843,胜蓝股份
300844,山水比德
300845,捷安高科
300846,首都在线
300847,中船汉光
300848,美瑞新材
300849,锦盛新材
300850,新强联
300851,交大思诺
300852,四会富仕
300853,申昊科技
300854,中兰环保
300855,图南股份
300856,科思股份
300857,协创数据
300858,科拓生物
300859,西域旅游
300860,锋尚文化
300861,美畅股份
300862,蓝盾光电
300863,卡倍亿
300864,南大环境
300865,大宏立
300866,安克创新
300867,圣元环保
300868,杰美特
300869,康泰医学
300870,欧陆通
300871,回盛生物
300872,天阳科技
300873,海晨股份
300875,捷强装备
300876,蒙泰高新
300877,金春股份
300878,维康药业
300879,大叶股份
300880,迦南智能
300881,盛德鑫泰
300882,万胜智能
300883,龙利得
300884,狄耐克
300885,海昌新材
300886,华业香料
300887,谱尼测试
300888,稳健医疗
300889,爱克股份
300890,翔丰华
300891,惠云钛业
300892,品渥食品
300893,松原安全
300894,火星人
300895,铜牛信息
300896,爱美客
300897,山科智能
300898,熊猫乳品
300899,*ST凯鑫
300900,广联航空
300901,中胤时尚
300902,国安达
300903,科翔股份
300904,威力传动
300905,宝丽迪
300906,日月明
300907,康平科技
300908,仲景食品
300909,汇创达
300910,瑞丰新材
300911,亿田智能
300912,凯龙高科
300913,兆龙互连
300915,海融科技
300916,朗特智能
300917,特发服务
300918,南山智尚
300919,中伟股份
300920,润阳科技
300921,南凌科技
300922,天秦装备
300923,研奥股份
300925,法本信息
300926,博俊科技
300927,江天化学
300928,华安鑫创
300929,华骐环保
300930,屹通新材
300931,通用电梯
300932,三友联众
300933,中辰股份
300935,盈建科
300936,中英科技
300937,药易购
300938,信测标准
300939,秋田微
300940,南极光
300941,创识科技
300942,易瑞生物
300943,春晖智控
300945,曼卡龙
300946,恒而达
300947,德必集团
300948,冠中生态
300949,奥雅股份
300950,德固特
300951,博硕科技
300952,恒辉安防
300953,震裕科技
300955,嘉亨家化
300956,英力股份
300957,贝泰妮
300958,建工修复
300959,线上线下
300960,通业科技
300961,深水海纳
300962,中金辐照
300963,中洲特材
300964,本川智能
300965,恒宇信通
300966,共同药业
300967,晓鸣股份
300968,格林精密
300969,恒帅股份
300970,华绿生物
300971,博亚精工
300972,万辰集团
300973,立高食品
300975,商络电子
300976,达瑞电子
300977,深圳瑞捷
300978,东箭科技
300979,华利集团
300980,祥源新材
300981,中红医疗
300982,苏文电能
300983,尤安设计
300984,金沃股份
300985,致远新能
300986,志特新材
300987,川网传媒
300988,津荣天宇
300989,蕾奥规划
300990,同飞股份
300991,创益通
300992,泰福泵业
300993,玉马科技
300994,久祺股份
300995,奇德新材
300996,普联软件
300997,欢乐家
300998,宁波方正
300999,金龙鱼
301000,肇民科技
301001,凯淳股份
301002,崧盛股份
301003,江苏博云
301004,嘉益股份
301005,超捷股份
301006,迈拓股份
301007,德迈仕
301008,宏昌科技
301009,可靠股份
301010,晶雪节能
301011,华立科技
301012,扬电科技
301013,利和兴
301015,百洋医药
301016,雷尔伟
301017,漱玉平民
301018,申菱环境
301019,宁波色母
301020,密封科技
301021,英诺激光
301022,海泰科
301023,江南奕帆
301024,霍普股份
301025,读客文化
301026,浩通科技
301027,华蓝集团
301028,东亚机械
301029,怡合达
301030,仕净科技
301031,中熔电气
301032,新柴股份
301033,迈普医学
301035,润丰股份
301036,双乐股份
301037,保立佳
301038,深水规院
301039,中集车辆
301040,中环海陆
301041,金百泽
301042,安联锐视
301043,绿岛风
301045,天禄科技
301046,能辉科技
301047,义翘神州
301048,金鹰重工
301049,超越科技
301050,雷电微力
301051,信濠光电
301052,果麦文化
301053,远信工业
301055,张小泉
301056,森赫股份
301057,汇隆新材
301058,中粮科工
301059,金三江
301060,兰卫医学
301061,匠心家居
301062,上海艾录
301063,海锅股份
301065,本立科技
301066,万事利
301067,显盈科技
301068,大地海洋
301069,凯盛新材
301070,开勒股份
301071,力量钻石
301072,中捷精工
301073,君亭酒店
301075,多瑞医药
301076,新瀚新材
301077,星华新材
301078,孩子王
301079,邵阳液压
301080,百普赛斯
301081,严牌股份
301082,久盛电气
301083,百胜智能
301085,亚康股份
301086,鸿富瀚
301087,可孚医疗
301088,戎美股份
301089,拓新药业
301090,华润材料
301091,深城交
301092,争光股份
301093,华兰股份
301095,广立微
301096,百诚医药
301097,天益医疗
301098,金埔园林
301099,雅创电子
301100,风光股份
301101,明月镜片
301102,兆讯传媒
301103,何氏眼科
301105,鸿铭股份
301106,骏成科技
301107,瑜欣电子
301108,洁雅股份
301109,军信股份
301110,青木科技
301111,粤万年青
301112,信邦智能
301113,雅艺科技
301115,联检科技
301116,益客食品
301117,佳缘科技
301118,恒光股份
301119,正强股份
301120,新特电气
301121,紫建电子
301122,采纳股份
301123,奕东电子
301125,腾亚精工
301126,达嘉维康
301127,武汉天源
301128,强瑞技术
301129,瑞纳智能
301130,西点药业
301131,聚赛龙
301132,满坤科技
301133,金钟股份
301135,瑞德智能
301136,招标股份
301137,哈焊华通
301138,华研精机
301139,元道通信
301141,中科磁业
301148,嘉戎技术
301149,隆华新材
301150,中一科技
301151,冠龙节能
301152,天力锂能
301153,中科江南
301155,海力风电
301156,美农生物
301157,华塑科技
301158,德石股份
301159,三维天地
301160,翔楼新材
301161,唯万密封
301162,国能日新
301163,宏德股份
301165,锐捷网络
301166,优宁维
301167,建研设计
301168,通灵股份
301169,零点有数
301170,锡南科技
301171,易点天下
301172,君逸数码
301173,毓恬冠佳
301175,中科环保
301176,逸豪新材
301177,迪阿股份
301178,天亿马
301179,泽宇智能
301180,万祥科技
301181,标榜股份
301182,凯旺科技
301183,东田微
301185,鸥玛软件
301186,超达装备
301187,欧圣电气
301188,力诺药包
301189,奥尼电子
301190,善水科技
301191,菲菱科思
301192,泰祥股份
301193,家联科技
301195,北路智控
301196,唯科科技
301197,工大科雅
301198,喜悦智行
301199,迈赫股份
301200,大族数控
301201,诚达药业
301202,朗威股份
301203,国泰环保
301205,联特科技
301206,三元生物
301207,华兰疫苗
301208,中亦科技
301209,联合化学
301210,金杨股份
301211,亨迪药业
301212,联盛化学
301213,观想科技
301215,中汽股份
301216,万凯新材
301217,铜冠铜箔
301218,华是科技
301219,腾远钴业
301220,亚香股份
301221,光庭信息
301222,浙江恒威
301223,中荣股份
301225,恒勃股份
301226,祥明智能
301227,森鹰窗业
301228,实朴检测
301229,纽泰格
301230,泓博医药
301231,荣信文化
301232,飞沃科技
301233,盛帮股份
301234,五洲医疗
301235,华康洁净
301236,软通动力
301237,和顺科技
301238,瑞泰新材
301239,普瑞眼科
301246,宏源药业
301248,杰创智能
301251,威尔高
301252,同星科技
301255,通力科技
301256,华融化学
301257,普蕊斯
301258,富士莱
301259,艾布鲁
301260,格力博
301261,恒工精密
301262,海看股份
301263,泰恩康
301265,华新环保
301266,宇邦新材
301267,华厦眼科
301268,铭利达
301269,华大九天
301270,汉仪股份
301272,英华特
301273,瑞晨环保
301275,汉朔科技
301276,嘉曼服饰
301277,新天地
301278,快可电子
301279,金道科技
301280,珠城科技
301281,科源制药
301282,金禄电子
301283,聚胶股份
301285,鸿日达
301286,侨源股份
301287,康力源
301288,*ST清研
301289,国缆检测
301290,东星医疗
301291,明阳电气
301292,海科新源
301293,三博脑科
301295,美硕科技
301296,新巨丰
301297,富乐德
301298,东利机械
301299,卓创资讯
301300,远翔新材
301301,川宁生物
301302,华如科技
301303,真兰仪表
301305,朗坤科技
301306,西测测试
301307,美利信
301308,江波龙
301309,万得凯
301310,鑫宏业
301311,昆船智能
301312,智立方
301313,凡拓数创
301314,科瑞思
301315,威士顿
301316,慧博云通
301317,鑫磊股份
301318,维海德
301319,唯特偶
301320,豪江智能
301321,翰博高新
301322,绿通科技
301323,新莱福
301325,曼恩斯特
301326,捷邦科技
301327,华宝新能
301328,维峰电子
301329,信音电子
301330,熵基科技
301331,恩威医药
301332,德尔玛
301333,诺思格
301335,天元宠物
301336,趣睡科技
301337,亚华电子
301338,凯格精机
301339,通行宝
301345,涛涛车业
301348,蓝箭电子
301349,信德新材
301353,普莱得
301355,南王科技
301356,天振股份
301357,北方长龙
301358,湖南裕能
301359,东南电子
301360,荣旗科技
301361,众智科技
301362,民爆光电
301363,美好医疗
301365,矩阵股份
301366,一博科技
301367,瑞迈特
301368,丰立智能
301369,联动科技
301370,国科恒泰
301371,敷尔佳
301372,科净源
301373,凌玮科技
301376,致欧科技
301377,鼎泰高科
301378,通达海
301379,天山电子
301380,挖金客
301381,赛维时代
301382,蜂助手
301383,天键股份
301386,未来电器
301387,光大同创
301388,欣灵电气
301389,隆扬电子
301390,经纬股份
301391,卡莱特
301392,汇成真空
301393,昊帆生物
301395,仁信新材
301396,宏景科技
301397,溯联股份
301398,星源卓镁
301399,英特科技
301408,华人健康
301413,安培龙
301418,协昌科技
301419,阿莱德
301421,波长光电
301428,世纪恒通
301429,森泰股份
301439,泓淋电力
301446,福事特
301448,开创电气
301456,盘古智能
301458,钧崴电子
301459,丰茂股份
301468,博盈特焊
301469,恒达新材
301479,弘景光电
301486,致尚科技
301487,盟固利
301488,豪恩汽电
301489,思泉新材
301491,汉桑科技
301498,乖宝宠物
301499,维科精密
301500,飞南资源
301501,恒鑫生活
301502,华阳智能
301503,智迪科技
301505,苏州规划
301507,民生健康
301508,中机认检
301509,金凯生科
301510,固高科技
301511,德福科技
301512,智信精密
301515,港通医疗
301516,中远通
301517,陕西华达
301518,长华化学
301519,舜禹股份
301520,万邦医药
301522,上大股份
301525,儒竞科技
301526,国际复材
301528,多浦乐
301529,福赛科技
301533,威马农机
301535,浙江华远
301536,星宸科技
301538,骏鼎达
301539,宏鑫科技
301548,崇德科技
301550,斯菱股份
301551,无线传媒
301552,科力装备
301555,惠柏新材
301556,托普云农
301557,常友科技
301558,三态股份
301559,中集环科
301560,众捷汽车
301563,云汉芯城
301565,中仑新材
301566,达利凯普
301567,贝隆精密
301568,思泰克
301571,国科天成
301575,艾芬达
301577,美信科技
301578,辰奕智能
301580,爱迪特
301581,黄山谷捷
301584,建发致新
301585,蓝宇股份
301586,佳力奇
301587,中瑞股份
301588,美新科技
301589,诺瓦星云
301590,优优绿能
301591,肯特股份
301592,六九一二
301595,太力科技
301596,瑞迪智驱
301598,博科测试
301600,慧翰股份
301601,惠通科技
301602,超研股份
301603,乔锋智能
301606,绿联科技
301607,富特科技
301608,博实结
301609,山大电力
301611,珂玛科技
301613,新铝时代
301616,浙江华业
301617,博苑股份
301618,长联科技
301622,英思特
301626,苏州天脉
301628,强达电路
301629,矽电股份
301630,同宇新材
301631,壹连科技
301632,广东建科
301633,港迪技术
301636,泽润新能
301656,联合动力
301658,首航新能
301662,宏工科技
301665,泰禾股份
301668,昊创瑞通
301678,新恒汇
302132,中航成飞
430017,星昊医药
430047,诺思兰德
430090,同辉信息
430139,华岭股份
430198,微创光电
430300,辰光医疗
430418,苏轴股份
430425,乐创技术
430476,海能技术
430478,峆一药业
430510,丰光精密
430556,雅达股份
430564,天润科技
430685,新芝生物
430718,合肥高科
600010,包钢股份
600021,上海电力
600030,中信证券
600078,澄星股份
600094,大名城
600103,青山纸业
600105,永鼎股份
600111,北方稀土
600118,中国卫星
600121,郑州煤电
600126,杭钢股份
600143,金发科技
600157,永泰能源
600159,大龙地产
600162,香江控股
600167,联美控股
600170,上海建工
600171,上海贝岭
600172,黄河旋风
600173,卧龙新能
600179,安通控股
600210,紫江企业
600234,科新发展
600246,万通发展
600268,国电南自
600330,天通股份
600337,美克家居
600353,旭光电子
600362,江西铜业
600376,首开股份
600382,广东明珠
600392,盛和资源
600400,红豆股份
600403,大有能源
600408,安泰集团
600410,华胜天成
600460,士兰微
600521,华海药业
600580,卧龙电驱
600584,长电科技
600592,龙溪股份
600601,方正科技
600617,国新能源
600619,海立股份
600629,华建集团
600635,大众公用
600651,飞乐音响
600691,阳煤化工
600697,欧亚集团
600699,均胜电子
600706,曲江文旅
600711,盛屯矿业
600715,文投控股
600721,百花医药
600735,新华锦
600745,闻泰科技
600748,上实发展
600769,祥龙电业
600776,东方通信
600816,建元信托
600819,耀皮玻璃
600857,宁波中百
600868,梅雁吉祥
600895,张江高科
600960,渤海汽车
600977,中国电影
600996,贵广网络
601011,宝泰隆
601012,隆基绿能
601026,道生天合
601069,西部黄金
601099,太平洋
601116,三江购物
601126,四方股份
601127,赛力斯
601138,工业富联
601212,白银有色
601218,吉鑫科技
601288,农业银行
601606,长城军工
601611,中国核建
601619,嘉泽新能
601689,拓普集团
601727,上海电气
601869,长飞光纤
601899,紫金矿业
601929,吉视传媒
603011,合锻智能
603019,中科曙光
603026,石大胜华
603032,德新科技
603051,鹿山新材
603083,剑桥科技
603090,宏盛股份
603101,汇嘉时代
603119,浙江荣泰
603127,昭衍新药
603156,养元饮品
603162,海通发展
603163,圣晖集成
603177,德创环保
603200,上海洗霸
603219,富佳股份
603222,济民健康
603226,菲林格尔
603228,景旺电子
603239,浙江仙通
603257,中国瑞林
603266,天龙股份
603269,海鸥股份
603285,键邦股份
603286,日盈电子
603297,永新光学
603300,海南华铁
603301,振德医疗
603316,诚邦股份
603322,超讯通信
603359,东珠生态
603370,华新精科
603421,鼎信通讯
603516,淳中科技
603590,康辰药业
603618,杭电股份
603626,科森科技
603655,朗博科技
603686,福龙马
603690,至纯科技
603709,中源家居
603717,天域生物
603778,国晟科技
603786,科博达
603799,华友钴业
603800,洪田股份
603810,丰山集团
603829,洛凯股份
603839,安正时尚
603848,好太太
603881,数据港
603903,中持股份
603933,睿能科技
603938,三孚股份
603948,建业股份
603959,百利科技
603978,深圳新星
603988,中电电机
603993,洛阳钼业
605055,迎丰股份
605178,时空科技
605188,国光连锁
605255,天普股份
605288,凯迪股份
605289,罗曼股份
605298,必得科技
605303,园林股份
605318,法狮龙
605358,立昂微
605376,博迁新材
605398,新炬网络
605580,恒盛能源
688001,华兴源创
688002,睿创微纳
688003,天准科技
688004,博汇科技
688005,容百科技
688006,杭可科技
688007,光峰科技
688008,澜起科技
688009,中国通号
688010,福光股份
688011,新光光电
688012,中微公司
688013,天臣医疗
688015,交控科技
688016,心脉医疗
688017,绿的谐波
688018,乐鑫科技
688019,安集科技
688020,方邦股份
688021,奥福科技
688022,瀚川智能
688023,安恒信息
688025,杰普特
688026,洁特生物
688027,国盾量子
688028,沃尔德
688029,南微医学
688030,山石网科
688031,星环科技
688032,禾迈股份
688033,天宜新材
688035,德邦科技
688036,传音控股
688037,芯源微
688038,中科通达
688039,当虹科技
688041,海光信息
688045,必易微
688046,药康生物
688047,龙芯中科
688048,长光华芯
688049,炬芯科技
688050,爱博医疗
688051,佳华科技
688052,纳芯微
688053,思科瑞
688055,龙腾光电
688056,莱伯泰科
688057,金达莱
688058,宝兰德
688059,华锐精密
688060,云涌科技
688061,灿瑞科技
688062,迈威生物
688063,派能科技
688065,凯赛生物
688066,航天宏图
688067,爱威科技
688068,热景生物
688069,德林海
688070,纵横股份
688071,华依科技
688072,拓荆科技
688073,毕得医药
688075,安旭生物
688076,ST诺泰
688077,大地熊
688078,龙软科技
688079,美迪凯
688080,映翰通
688081,兴图新科
688082,盛美上海
688083,中望软件
688084,晶品特装
688085,三友医疗
688087,英科再生
688088,虹软科技
688089,嘉必优
688090,瑞松科技
688091,上海谊众
688092,爱科科技
688093,世华科技
688095,福昕软件
688096,京源环保
688097,博众精工
688098,申联生物
688099,晶晨股份
688100,威胜信息
688101,三达膜
688102,斯瑞新材
688103,国力股份
688105,诺唯赞
688106,金宏气体
688107,安路科技
688108,赛诺医疗
688109,品茗科技
688110,东芯股份
688111,金山办公
688112,鼎阳科技
688113,联测科技
688114,华大智造
688115,思林杰
688116,天奈科技
688117,圣诺生物
688118,普元信息
688119,中钢洛耐
688120,华海清科
688121,卓然股份
688122,西部超导
688123,聚辰股份
688125,安达智能
688126,沪硅产业
688127,蓝特光学
688128,中国电研
688129,东来技术
688130,晶华微
688131,皓元医药
688132,邦彦技术
688133,泰坦科技
688135,利扬芯片
688136,科兴制药
688137,近岸蛋白
688138,清溢光电
688139,海尔生物
688141,杰华特
688143,长盈通
688146,中船特气
688147,微导纳米
688148,芳源股份
688150,莱特光电
688151,华强科技
688152,麒麟信安
688153,唯捷创芯
688155,先惠技术
688156,路德环境
688157,松井股份
688158,优刻得
688159,有方科技
688160,步科股份
688161,威高骨科
688162,巨一科技
688163,赛伦生物
688165,埃夫特
688166,博瑞医药
688167,炬光科技
688168,安博通
688169,石头科技
688170,德龙激光
688171,纬德信息
688172,燕东微
688173,希荻微
688175,高凌信息
688176,亚虹医药
688177,百奥泰
688178,万德斯
688179,阿拉丁
688180,君实生物
688181,八亿时空
688182,灿勤科技
688183,生益电子
688184,ST帕瓦
688185,康希诺
688186,广大特材
688187,时代电气
688188,柏楚电子
688189,南新制药
688190,云路股份
688191,智洋创新
688192,迪哲医药
688193,仁度生物
688195,腾景科技
688196,卓越新能
688197,首药控股
688198,佰仁医疗
688199,久日新材
688200,华峰测控
688201,信安世纪
688202,美迪西
688203,海正生材
688205,德科立
688206,概伦电子
688207,格灵深瞳
688208,道通科技
688209,英集芯
688210,统联精密
688211,中科微至
688212,澳华内镜
688213,思特威
688215,瑞晟智能
688216,气派科技
688217,睿昂基因
688218,江苏北人
688219,会通股份
688220,翱捷科技
688221,前沿生物
688222,成都先导
688223,晶科能源
688225,亚信安全
688226,威腾电气
688227,品高股份
688228,开普云
688229,博睿数据
688230,芯导科技
688231,隆达股份
688232,新点软件
688233,神工股份
688234,天岳先进
688235,百济神州
688236,春立医疗
688237,超卓航科
688238,和元生物
688239,航宇科技
688244,永信至诚
688246,嘉和美康
688247,宣泰医药
688248,南网科技
688249,晶合集成
688251,井松智能
688252,天德钰
688253,英诺特
688255,凯尔达
688256,寒武纪
688257,新锐股份
688258,卓易信息
688259,创耀科技
688260,昀冢科技
688261,东微半导
688262,国芯科技
688265,南模生物
688266,泽璟制药
688267,中触媒
688268,华特气体
688269,凯立新材
688270,臻镭科技
688271,联影医疗
688272,富吉瑞
688273,麦澜德
688275,万润新能
688276,百克生物
688277,天智航
688278,特宝生物
688279,峰岹科技
688280,精进电动
688281,华秦科技
688282,理工导航
688283,坤恒顺维
688285,高铁电气
688286,敏芯股份
688287,*ST观典
688288,鸿泉物联
688289,圣湘生物
688290,景业智能
688291,金橙子
688292,浩瀚深度
688293,奥浦迈
688295,中复神鹰
688296,和达科技
688297,中无人机
688298,东方生物
688299,长阳科技
688300,联瑞新材
688301,奕瑞科技
688302,海创药业
688303,大全能源
688305,科德数控
688306,均普智能
688307,中润光学
688308,欧科亿
688309,恒誉环保
688310,迈得医疗
688311,盟升电子
688312,燕麦科技
688313,仕佳光子
688314,康拓医疗
688315,诺禾致源
688316,青云科技
688317,之江生物
688318,财富趋势
688319,欧林生物
688320,禾川科技
688321,微芯生物
688322,奥比中光
688323,瑞华泰
688325,赛微微电
688326,经纬恒润
688327,云从科技
688328,深科达
688329,艾隆科技
688330,宏力达
688331,荣昌生物
688332,中科蓝讯
688333,铂力特
688334,西高院
688335,复洁环保
688336,三生国健
688337,普源精电
688338,赛科希德
688339,亿华通
688343,云天励飞
688345,博力威
688347,华虹公司
688348,昱能科技
688349,三一重能
688350,富淼科技
688351,微电生理
688352,颀中科技
688353,华盛锂电
688355,明志科技
688356,键凯科技
688357,建龙微纳
688358,祥生医疗
688359,三孚新科
688360,德马科技
688361,中科飞测
688362,甬矽电子
688363,华熙生物
688365,光云科技
688366,昊海生科
688367,工大高科
688368,晶丰明源
688369,致远互联
688370,丛麟科技
688371,菲沃泰
688372,伟测科技
688373,盟科药业
688375,国博电子
688376,美埃科技
688377,迪威尔
688378,奥来德
688379,华光新材
688380,中微半导
688381,帝奥微
688382,益方生物
688383,新益昌
688385,复旦微电
688386,泛亚微透
688387,信科移动
688388,嘉元科技
688389,普门科技
688390,固德威
688391,钜泉科技
688392,骄成超声
688393,安必平
688395,正弦电气
688396,华润微
688398,赛特新材
688399,硕世生物
688400,凌云光
688401,路维光电
688403,汇成股份
688408,中信博
688409,富创精密
688410,山外山
688411,海博思创
688416,恒烁股份
688418,震有科技
688419,耐科装备
688420,美腾科技
688425,铁建重工
688426,康为世纪
688428,诺诚健华
688429,时创能源
688432,有研硅
688433,华曙高科
688435,英方软件
688439,振华风光
688443,智翔金泰
688448,磁谷科技
688449,联芸科技
688450,光格科技
688455,科捷智能
688456,有研粉材
688458,美芯晟
688459,哈铁科技
688466,金科环境
688468,科美诊断
688469,芯联集成
688472,阿特斯
688475,萤石网络
688478,晶升股份
688479,友车科技
688480,赛恩斯
688484,南芯科技
688485,九州一轨
688486,龙迅股份
688488,艾迪药业
688489,三未信安
688496,清越科技
688498,源杰科技
688499,利元亨
688500,慧辰股份
688501,青达环保
688502,茂莱光学
688503,聚和材料
688505,复旦张江
688506,百利天恒
688507,索辰科技
688508,芯朋微
688509,正元地信
688510,航亚科技
688511,*ST天微
688512,慧智微
688513,苑东生物
688515,裕太微
688516,奥特维
688517,金冠电气
688518,联赢激光
688519,南亚新材
688520,神州细胞
688521,芯原股份
688522,纳睿雷达
688523,航天环宇
688525,佰维存储
688526,科前生物
688528,秦川物联
688529,豪森智能
688530,欧莱新材
688531,日联科技
688533,上声电子
688535,华海诚科
688536,思瑞浦
688538,和辉光电
688539,高华科技
688543,国科军工
688545,兴福电子
688548,广钢气体
688549,中巨芯
688550,瑞联新材
688551,科威尔
688552,航天南湖
688553,汇宇制药
688556,高测股份
688557,兰剑智能
688558,国盛智科
688559,海目星
688560,明冠新材
688561,奇安信
688562,航天软件
688563,航材股份
688565,力源科技
688566,吉贝尔
688567,孚能科技
688568,中科星图
688569,铁科轨道
688570,天玛智控
688571,杭华股份
688573,信宇人
688575,亚辉龙
688576,西山科技
688577,浙海德曼
688578,艾力斯
688579,山大地纬
688580,伟思医疗
688581,安杰思
688582,芯动联科
688583,思看科技
688584,上海合晶
688585,上纬新材
688586,江航装备
688588,凌志软件
688589,力合微
688590,新致软件
688591,泰凌微
688592,司南导航
688593,新相微
688595,芯海科技
688596,正帆科技
688597,煜邦电力
688598,金博股份
688599,天合光能
688600,皖仪科技
688601,力芯微
688602,康鹏科技
688603,天承科技
688605,先锋精科
688606,奥泰生物
688607,康众医疗
688608,恒玄科技
688609,九联科技
688610,埃科光电
688611,杭州柯林
688612,威迈斯
688613,奥精医疗
688615,合合信息
688616,西力科技
688617,惠泰医疗
688618,三旺通信
688619,罗普特
688620,安凯微
688621,阳光诺和
688622,禾信仪器
688623,双元科技
688625,呈和科技
688626,翔宇医疗
688627,精智达
688628,优利德
688629,华丰科技
688630,芯碁微装
688631,莱斯信息
688633,星球石墨
688636,智明达
688638,誉辰智能
688639,华恒生物
688646,ST逸飞
688648,中邮科技
688651,盛邦安全
688652,京仪装备
688653,康希通信
688655,迅捷兴
688656,浩欧博
688657,浩辰软件
688658,悦康药业
688659,元琛科技
688660,电气风电
688661,和林微纳
688662,富信科技
688663,新风光
688665,四方光电
688667,菱电电控
688668,鼎通科技
688669,聚石化学
688670,金迪克
688671,碧兴物联
688676,金盘科技
688677,海泰新光
688678,福立旺
688679,通源环境
688680,海优新材
688681,科汇股份
688682,霍莱沃
688683,莱尔科技
688685,迈信林
688686,奥普特
688687,凯因科技
688689,银河微电
688690,纳微科技
688691,灿芯股份
688692,达梦数据
688693,锴威特
688695,中创股份
688696,极米科技
688697,纽威数控
688698,伟创电气
688699,明微电子
688700,东威科技
688701,卓锦股份
688702,盛科通信
688707,振华新材
688708,佳驰科技
688709,成都华微
688710,益诺思
688711,宏微科技
688716,中研股份
688717,艾罗能源
688718,唯赛勃
688719,爱科赛博
688720,艾森股份
688721,龙图光罩
688722,同益中
688726,拉普拉斯
688728,格科微
688729,屹唐股份
688733,壹石通
688737,中自科技
688739,成大生物
688750,金天钛业
688755,汉邦科技
688757,胜科纳米
688758,赛分科技
688766,普冉股份
688767,博拓生物
688768,容知日新
688772,珠海冠宇
688775,影石创新
688776,国光电气
688777,中控技术
688778,厦钨新能
688779,五矿新能
688786,悦安新材
688787,海天瑞声
688788,科思科技
688789,宏华数科
688793,倍轻松
688798,艾为电子
688799,华纳药厂
688800,瑞可达
688819,天能股份
688981,中芯国际
689009,九号公司
830779,武汉蓝电
830809,安达科技
830832,齐鲁华信
830839,万通液压
830879,基康技术
830896,旺成科技
830946,森萱医药
830964,润农节水
830974,凯大催化
831010,凯添燃气
831039,国义招标
831087,秋乐种业
831152,昆工科技
831167,鑫汇科
831175,派诺科技
831195,三祥科技
831278,泰德股份
831304,迪尔化工
831305,海希通讯
831370,新安洁
831396,许昌智能
831526,凯华材料
831627,力王股份
831641,格利尔
831689,克莱特
831726,朱老六
831768,拾比佰
831832,科达自控
831834,三维装备
831855,浙江大农
831856,浩淼科技
831906,舜宇精工
831961,创远信科
832000,安徽凤凰
832023,田野股份
832089,禾昌聚合
832110,雷特科技
832145,恒合股份
832149,利尔达
832171,志晟信息
832175,东方碳素
832225,利通科技
832278,鹿得医疗
832419,路斯股份
832469,富恒新材
832471,美邦科技
832491,奥迪威
832522,纳科诺尔
832566,梓橦宫
832651,天罡股份
832662,方盛股份
832735,德源药业
832786,骑士乳业
832802,保丽洁
832876,慧为智能
832885,星辰科技
832978,开特股份
832982,锦波生物
833030,立方控股
833075,柏星龙
833171,国航远洋
833230,欧康医药
833266,生物谷
833284,灵鸽科技
833346,威贸电子
833394,民士达
833427,华维设计
833429,康比特
833454,同心传动
833455,汇隆活塞
833509,同惠电子
833523,德瑞锂电
833533,骏创科技
833575,康乐卫士
833580,科创新材
833751,惠同新材
833781,瑞奇智造
833873,中设咨询
833914,远航精密
833943,优机股份
834014,特瑞斯
834021,流金科技
834033,康普化学
834058,华洋赛车
834062,科润智控
834261,一诺威
834407,驰诚股份
834415,恒拓开源
834475,三友科技
834599,同力股份
834639,晨光电缆
834765,美之高
834770,艾能聚
834950,迅安科技
835174,五新隧装
835179,凯德石英
835184,国源科技
835185,贝特瑞
835207,众诚科技
835237,力佳科技
835305,*ST云创
835368,连城数控
835438,戈碧迦
835508,殷图网联
835579,机科股份
835640,富士达
835670,数字人
835857,百甲科技
835892,中科美菱
835985,海泰新能
836077,吉林碳谷
836149,旭杰科技
836208,青矩技术
836221,易实精密
836239,长虹能源
836247,华密新材
836260,中寰股份
836263,中航泰达
836270,天铭科技
836395,朗鸿科技
836414,欧普泰
836419,万德股份
836422,润普食品
836433,大唐药业
836504,博迅生物
836547,无锡晶海
836675,秉扬科技
836699,海达尔
836717,瑞星股份
836720,吉冈精密
836807,奔朗新材
836826,盖世食品
836871,派特尔
836892,广咨国际
836942,恒立钻具
836957,汉维科技
836961,西磁科技
837006,晟楠科技
837023,芭薇股份
837046,亿能电力
837092,汉鑫科技
837174,宏裕包材
837212,智新电子
837242,建邦科技
837344,三元基因
837403,康农种业
837592,华信永道
837663,明阳科技
837748,路桥信息
837821,则成电子
838030,德众汽车
838163,方大新材
838171,邦德股份
838227,美登科技
838262,太湖雪
838275,驱动力
838402,硅烷科技
838670,恒进感应
838701,豪声电子
838810,春光智能
838837,华原股份
838924,广脉科技
838971,天马新材
839273,一致魔芋
839371,欧福蛋业
839493,并行科技
839680,*ST广道
839719,宁新新材
839725,惠丰钻石
839729,永顺生物
839790,联迪信息
839792,东和新材
839946,华阳变速
870199,倍益康
870204,沪江材料
870299,灿能电力
870357,雅葆轩
870436,大地电气
870508,丰安股份
870656,海昇药业
870726,鸿智科技
870866,绿亨科技
870976,视声智能
871245,威博液压
871263,莱赛激光
871396,常辅股份
871478,巨能股份
871553,凯腾精工
871634,新威凌
871642,通易航天
871694,中裕科技
871753,天纺标
871857,泓禧科技
871970,大禹生物
871981,晶赛科技
872190,雷神科技
872351,华光源海
872374,云里物里
872392,佳合科技
872541,铁大科技
872808,曙光数创
872895,花溪科技
872925,锦好医疗
872931,无锡鼎邦
872953,国子软件
873001,纬达光电
873122,中纺标
873132,泰鹏智能
873152,天宏锂电
873167,新赣江
873169,七丰精工
873223,荣亿精密
873305,九菱科技
873339,恒太照明
873527,夜光明
873570,坤博精工
873576,天力复合
873593,鼎智科技
873665,科强股份
873679,前进科技
873690,捷众科技
873693,阿为特
873703,广厦环能
873706,铁拓机械
873726,卓兆点胶
873806,云星宇
873833,美心翼申
920002,万达轴承
920005,鼎佳精密
920007,酉立智能
920008,成电光信
920016,中草香料
920018,宏远股份
920019,铜冠矿建
920022,世昌股份
920027,交大铁发
920029,开发科技
920037,广信科技
920056,能之光
920060,万源通
920066,科拜尔
920068,天工股份
920082,方正阀门
920088,科力股份
920098,科隆新材
920099,瑞华技术
920100,三协电机
920101,志高机械
920106,林泰新材
920108,宏海科技
920111,聚星科技
920112,巴兰仕
920116,星图测控
920118,太湖远大
920128,胜业电气
920158,长江能科
920167,同享科技
920445,龙竹科技
920489,佳先股份
920509,同惠电子
920682,球冠电缆
920725,惠丰钻石
920799,艾融软件
920819,颖泰生物
